{"action": [0.24196000397205353, -0.7438700199127197, -0.5143600106239319, -0.08969900012016296, -0.2682499885559082, 0.45664000511169434, 0.7255499958992004, -0.218189999461174, 0.04282600060105324, 0.18942999839782715, -0.3205699920654297, 0.057117998600006104, -0.5967400074005127, 0.227510005235672, 0.1294499933719635, -0.2962299883365631, 0.6495000123977661, -0.22104999423027039, -0.5770800113677979, -0.4543600082397461, 0.2563599944114685, 0.09927500039339066, -0.11760000139474869, -0.1633799970149994, -0.2352599948644638, -1.8493000268936157, -0.10322000086307526, -0.3519800007343292, 0.0024534999392926693, 0.033222999423742294, 3.351300001144409, 0.15836000442504883, -1.0583000183105469, -0.7256500124931335, -0.5734500288963318, -0.05745299905538559, 0.47995999455451965, -0.9935799837112427, -0.8007400035858154, -0.6281800270080566, -0.22643999755382538, 0.14946000277996063, -0.032742999494075775, -0.33739998936653137, 0.20040999352931976, -0.0023765999358147383, 0.012109000235795975, 0.554610013961792, 0.15185000002384186, 0.702180027961731], "adventure": [0.5318899750709534, 0.8738499879837036, -0.8338599801063538, 0.5471400022506714, -0.41172999143600464, -0.2657899856567383, -1.0288000106811523, -1.0479999780654907, 0.5273299813270569, 0.4120999872684479, -0.7668099999427795, 0.8566499948501587, -0.21860000491142273, 0.46689000725746155, 0.7942500114440918, -0.5975300073623657, 0.5978299975395203, 0.9892500042915344, -1.5262999534606934, 0.18716000020503998, 0.22572000324726105, 0.8357999920845032, -0.38402000069618225, 0.7537199854850769, 0.9798300266265869, -0.3518800139427185, -1.0748000144958496, -0.3462499976158142, 0.9089800119400024, 0.09868799895048141, 1.7577999830245972, 0.010471000336110592, -0.5181800127029419, -0.09927099943161011, 0.1139099970459938, 0.7387800216674805, -0.8667200207710266, -0.6579499840736389, -0.9772700071334839, -0.835129976272583, 0.08899600058794022, -0.049352001398801804, 0.1019899994134903, 0.18810999393463135, -0.23927000164985657, 0.1483200043439865, 1.1548000574111938, -0.631089985370636, 0.10413999855518341, 0.29861998558044434], "animation": [0.24966999888420105, -1.1190999746322632, -0.5654900074005127, 1.0341999530792236, 0.06159700080752373, -0.039152998477220535, -0.21347999572753906, -1.6881999969482422, -0.313620001077652, 0.9975000023841858, 0.40779000520706177, 0.33803001046180725, -0.2474599927663803, 0.9485499858856201, 0.34213998913764954, -0.2800999879837036, -0.049876000732183456, 1.0882999897003174, -0.6390600204467773, -0.37136998772621155, 1.1539000272750854, 0.3624500036239624, -0.26471999287605286, -0.2370000034570694, 0.0788320004940033, 0.0737060010433197, -1.3418999910354614, -0.28167998790740967, -0.6816999912261963, -1.1031999588012695, 1.9981000423431396, -0.324290007352829, 0.34672999382019043, -0.9214299917221069, -0.5480499863624573, 1.0780999660491943, -0.5944799780845642, 0.28468000888824463, -0.6141600012779236, -0.9191799759864807, 0.17211000621318817, 0.5414999723434448, -0.812690019607544, -0.7283899784088135, -0.43650999665260315, 0.036827001720666885, 1.2454999685287476, -0.35172000527381897, -0.9890099763870239, 0.5692999958992004], "comedy": [-0.31150001287460327, 0.52920001745224, -1.3457000255584717, -0.05998000130057335, 0.010042999871075153, 0.9918400049209595, -0.22608999907970428, -0.5875099897384644, -0.6841700077056885, 1.0707999467849731, -0.6874399781227112, 0.45517998933792114, -0.45673999190330505, 1.4026999473571777, 0.9579600095748901, -0.6496300101280212, 0.7395099997520447, 0.8671200275421143, -1.1180000305175781, 0.44391998648643494, 1.1095999479293823, 1.1239999532699585, 0.5762699842453003, 1.148900032043457, 0.18595999479293823, -0.6936299800872803, -1.2877999544143677, 0.19415999948978424, 0.3923799991607666, -0.2001499980688095, 2.2369000911712646, 0.1611499935388565, 0.45642000436782837, -0.2599399983882904, -0.15479999780654907, 0.766260027885437, -0.10379999876022339, -0.3378399908542633, -0.784030020236969, -0.918690025806427, 0.0796319991350174, 1.0168999433517456, -0.9875900149345398, -0.8598200082778931, -0.5839499831199646, -0.12417999655008316, 0.41850000619888306, -0.7686499953269958, -0.25936999917030334, 1.5667999982833862], "crime": [0.3249399960041046, -0.6827300190925598, -0.4760400056838989, -0.2705399990081787, 0.5458300113677979, 0.5150499939918518, 0.645579993724823, -0.8854299783706665, 0.3711099922657013, 0.0645660012960434, -0.634880006313324, 0.02666199952363968, -0.9751799702644348, -0.017138000577688217, 1.1090999841690063, -1.152400016784668, 0.13433000445365906, -0.16357000172138214, 0.03991499915719032, 0.25766000151634216, 0.3697499930858612, -0.06675100326538086, -0.021316999569535255, 0.8083199858665466, -0.9503800272941589, -2.1949000358581543, -0.7063800096511841, -0.10234999656677246, 0.5200499892234802, -0.1193699985742569, 2.3622000217437744, -0.11666999757289886, 0.08131399750709534, -1.948099970817566, -0.4176099896430969, 0.4467799961566925, -0.6360300183296204, -1.0780999660491943, -0.2544899880886078, -0.2842099964618683, -1.1298999786376953, 0.776639997959137, 0.8795400261878967, -0.0614130012691021, 0.1787099987268448, -0.3929100036621094, -0.06445299834012985, 0.0013368000509217381, 1.058500051498413, 0.3444100022315979], "documentary": [0.14328999817371368, 0.826770007610321, -0.625760018825531, 0.21435999870300293, -0.12466000020503998, 0.5141900181770325, -0.551829993724823, -0.7564399838447571, 0.8069400191307068, 0.8388299942016602, -0.595990002155304, -0.1369899958372116, -0.35684001445770264, 1.1898000240325928, 1.085800051689148, -0.9383100271224976, 0.3801400065422058, 0.31825000047683716, -0.9063699841499329, 0.5389099717140198, 1.0755000114440918, 1.3848999738693237, 0.46601998805999756, 0.2106200009584427, 0.6837400197982788, -0.7834799885749817, -1.6574000120162964, 0.07391200214624405, -0.2920199930667877, -0.13384999334812164, 1.6994999647140503, -0.695169985294342, -0.20653000473976135, -1.2305999994277954, -0.6519700288772583, 0.6237999796867371, 0.2765899896621704, -0.12620000541210175, -0.8389999866485596, -0.4990899860858917, 0.31167998909950256, 0.4984700083732605, -0.3771899938583374, -0.8209400177001953, -0.5308799743652344, -0.1675100028514862, 0.2594900131225586, 0.049949001520872116, -0.3892199993133545, 0.48096001148223877], "drama": [-0.25725001096725464, 0.8661100268363953, -1.2086000442504883, -0.06573999673128128, -0.09248899668455124, 0.5993899703025818, 0.27601000666618347, -0.1689399927854538, -0.4534200131893158, 0.6149799823760986, -0.598609983921051, 0.16022999584674835, -0.6236299872398376, 1.291700005531311, 0.6809800267219543, -0.8842300176620483, 0.05736599862575531, 0.9665200114250183, -1.1159000396728516, 0.7064700126647949, 1.1684000492095947, 1.2553000450134277, 0.21854999661445618, 0.6850200295448303, 0.32012999057769775, -1.1342999935150146, -1.3072999715805054, -0.02127699926495552, -0.23127999901771545, 0.005837299861013889, 2.291599988937378, 0.04111900180578232, 0.45427998900413513, -0.962149977684021, -0.2021999955177307, 0.8882200121879578, -0.21207000315189362, -0.5354800224304199, -0.37064000964164734, -0.8618299961090088, -0.20463000237941742, 0.5648300051689148, -0.3982599973678589, -0.7885599732398987, -0.783519983291626, 0.06804899871349335, 0.8059499859809875, -0.3453100025653839, -0.29989999532699585, 0.6619300246238708],